bin,mean_predicted_probability,observed_event_rate
1,0.001013434799086882,0.0
2,0.012743898735181987,0.023255813953488372
3,0.04827581460315405,0.0
4,0.11962280145564666,0.09302325581395349
5,0.2352063819146538,0.06976744186046512
6,0.3472754093846697,0.023255813953488372
7,0.48500753759832843,0.18604651162790697
8,0.6183555204716468,0.20930232558139536
9,0.7167055708212795,0.2558139534883721
10,0.8589067893377024,0.6136363636363636
