auc,auc_ci_low,auc_ci_high,youden_threshold,youden_sensitivity,youden_specificity,tn,fp,fn,tp,accuracy,sensitivity,specificity,precision_ppv,npv,n,positive_n
0.8121468926553672,0.6903329537786775,0.9103107344632769,0.2313134542014955,0.75,0.7966101694915254,94,24,3,9,0.7923076923076923,0.75,0.7966101694915254,0.2727272727272727,0.9690721649484536,130,12
